location,avg_temperature,avg_humidity
BuildingA_Floor2,25.26514285714286,55.95771428571429
BuildingB_Floor1,25.145086956521734,53.48113043478262
BuildingA_Floor1,25.125972850678735,55.121764705882384
BuildingB_Floor2,24.618289962825287,56.152193308550196
