sensor_id,avg_temp,rank_temp
1000,30.611,1
1003,28.354000000000003,2
1065,28.235714285714284,3
1059,28.093333333333337,4
1045,27.867,5
